"File Path","Created Date (System)","Protect Date"
"Allgemeinwissen/Allgemeinwissen - Geschichte.md",2025-03-10 14:26:11,FALSE
"Allgemeinwissen/Allgemeinwissen - Technik.md",2025-03-10 14:26:11,FALSE
"Attachments/4_letztes_zeichen_0.md",2025-03-12 17:55:35,FALSE
"Attachments/Drawing 2024-11-17 11.02.21.excalidraw.md",2025-03-10 14:26:11,FALSE
"Attachments/Drawing 2024-11-17 12.28.37.excalidraw.md",2025-03-10 14:26:11,FALSE
"Attachments/Drawing 2024-11-17 12.53.08.excalidraw.md",2025-03-10 14:26:11,FALSE
"Attachments/Drawing 2024-11-21 07.57.44.excalidraw.md",2025-03-10 14:26:11,FALSE
"Attachments/Drawing 2024-11-21 08.10.51.excalidraw.md",2025-03-10 14:26:11,FALSE
"Attachments/Drawing 2024-11-28 06.20.29.excalidraw.md",2025-03-10 14:26:11,FALSE
"Attachments/Drawing 2024-11-28 06.25.33.excalidraw.md",2025-03-10 14:26:11,FALSE
"Attachments/Drawing 2024-11-28 06.30.52.excalidraw (copy) 1.md",2025-03-10 14:26:11,FALSE
"Attachments/Drawing 2024-11-28 06.30.52.excalidraw (copy).md",2025-03-10 14:26:11,FALSE
"Attachments/Drawing 2024-11-28 06.30.52.excalidraw.md",2025-03-10 14:26:11,FALSE
"Attachments/Drawing 2024-12-12 10.05.36.excalidraw.md",2025-03-10 14:26:11,FALSE
"Attachments/Drawing 2024-12-12 10.09.54.excalidraw.md",2025-03-10 14:26:11,FALSE
"Attachments/Drawing 2024-12-26 19.42.28.excalidraw.md",2025-03-10 14:26:11,FALSE
"Attachments/Drawing 2025-01-03 20.44.51.excalidraw.md",2025-03-10 14:26:11,FALSE
"Attachments/Drawing 2025-02-04 18.33.23.excalidraw.md",2025-03-10 14:26:11,FALSE
"Attachments/Drawing 2025-03-14 14.41.24.excalidraw.md",2025-03-14 14:41:24,FALSE
"Attachments/Drawing-kalorimeter.svg",2025-03-10 14:26:11,FALSE
"Attachments/Gini-Koeffizient-Beispiel.png",2025-03-10 14:26:11,FALSE
"Attachments/Pasted image 20240707092702.png",2025-03-10 14:26:11,FALSE
"Attachments/Pasted image 20240707093228.png",2025-03-10 14:26:11,FALSE
"Attachments/Pasted image 20240707093244.png",2025-03-10 14:26:11,FALSE
"Attachments/Pasted image 20240707093925.png",2025-03-10 14:26:11,FALSE
"Attachments/Pasted image 20240707093956.png",2025-03-10 14:26:11,FALSE
"Attachments/Pasted image 20240707095423.png",2025-03-10 14:26:11,FALSE
"Attachments/Pasted image 20240707100009.png",2025-03-10 14:26:11,FALSE
"Attachments/Pasted image 20240707100255.png",2025-03-10 14:26:11,FALSE
"Attachments/Pasted image 20240926181852.png",2025-03-10 14:26:11,FALSE
"Attachments/Pasted image 20241011160007.png",2025-03-10 14:26:11,FALSE
"Attachments/Pasted image 20241011160125.png",2025-03-10 14:26:11,FALSE
"Attachments/Pasted image 20241018142013.png",2025-03-10 14:26:11,FALSE
"Attachments/Pasted image 20241019140627.png",2025-03-10 14:26:11,FALSE
"Attachments/Pasted image 20241019140635.png",2025-03-10 14:26:11,FALSE
"Attachments/Pasted image 20241019140713.png",2025-03-10 14:26:11,FALSE
"Attachments/Pasted image 20241024114150.png",2025-03-10 14:26:11,FALSE
"Attachments/Pasted image 20241024114214.png",2025-03-10 14:26:11,FALSE
"Attachments/Pasted image 20241024114244.png",2025-03-10 14:26:11,FALSE
"Attachments/Pasted image 20241024114255.png",2025-03-10 14:26:11,FALSE
"Attachments/Pasted image 20241101140959.png",2025-03-10 14:26:11,FALSE
"Attachments/Pasted image 20241101141422.png",2025-03-10 14:26:11,FALSE
"Attachments/Pasted image 20241105181052.png",2025-03-10 14:26:11,FALSE
"Attachments/Pasted image 20241105191412.png",2025-03-10 14:26:11,FALSE
"Attachments/Pasted image 20241105191425.png",2025-03-10 14:26:11,FALSE
"Attachments/Pasted image 20241105192946.png",2025-03-10 14:26:11,FALSE
"Attachments/Pasted image 20241105193613.png",2025-03-10 14:26:11,FALSE
"Attachments/Pasted image 20241105194213.png",2025-03-10 14:26:11,FALSE
"Attachments/Pasted image 20241105194232.png",2025-03-10 14:26:11,FALSE
"Attachments/Pasted image 20241105200150.png",2025-03-10 14:26:11,FALSE
"Attachments/Pasted image 20241105200204.png",2025-03-10 14:26:11,FALSE
"Attachments/Pasted image 20241105200221.png",2025-03-10 14:26:11,FALSE
"Attachments/Pasted image 20241105200415.png",2025-03-10 14:26:11,FALSE
"Attachments/Pasted image 20241105200427.png",2025-03-10 14:26:11,FALSE
"Attachments/Pasted image 20241105200506.png",2025-03-10 14:26:11,FALSE
"Attachments/Pasted image 20241106161040.png",2025-03-10 14:26:11,FALSE
"Attachments/Pasted image 20241106161213.png",2025-03-10 14:26:11,FALSE
"Attachments/Pasted image 20241106161743.png",2025-03-10 14:26:11,FALSE
"Attachments/Pasted image 20241114175811.png",2025-03-10 14:26:11,FALSE
"Attachments/Pasted image 20241114180944.png",2025-03-10 14:26:11,FALSE
"Attachments/Pasted image 20241114184627.png",2025-03-10 14:26:11,FALSE
"Attachments/Pasted image 20241114185348.png",2025-03-10 14:26:11,FALSE
"Attachments/Pasted image 20241120141850.png",2025-03-10 14:26:11,FALSE
"Attachments/Pasted image 20241120144808.png",2025-03-10 14:26:11,FALSE
"Attachments/Pasted image 20241120150215.png",2025-03-10 14:26:11,FALSE
"Attachments/Pasted image 20241122152120.png",2025-03-10 14:26:11,FALSE
"Attachments/Pasted image 20241212102937.png",2025-03-10 14:26:11,FALSE
"Attachments/Pasted image 20241212103012.png",2025-03-10 14:26:11,FALSE
"Attachments/Pasted image 20241212103100.png",2025-03-10 14:26:11,FALSE
"Attachments/Pasted image 20241223182525.png",2025-03-10 14:26:11,FALSE
"Attachments/Pasted image 20241223183236.png",2025-03-10 14:26:11,FALSE
"Attachments/Pasted image 20241223184110.png",2025-03-10 14:26:11,FALSE
"Attachments/Pasted image 20241223184648.png",2025-03-10 14:26:11,FALSE
"Attachments/Pasted image 20250107063416.png",2025-03-10 14:26:11,FALSE
"Attachments/Pasted image 20250107063444.png",2025-03-10 14:26:11,FALSE
"Attachments/Pasted image 20250111150719.png",2025-03-10 14:26:11,FALSE
"Attachments/Pasted image 20250111151046.png",2025-03-10 14:26:11,FALSE
"Attachments/Pasted image 20250111151143.png",2025-03-10 14:26:11,FALSE
"Attachments/Pasted image 20250111151209.png",2025-03-10 14:26:11,FALSE
"Attachments/Pasted image 20250111151230.png",2025-03-10 14:26:11,FALSE
"Attachments/Pasted image 20250111151427.png",2025-03-10 14:26:11,FALSE
"Attachments/Pasted image 20250111151448.png",2025-03-10 14:26:11,FALSE
"Attachments/Pasted image 20250111151608.png",2025-03-10 14:26:11,FALSE
"Attachments/Pasted image 20250121154009.png",2025-03-10 14:26:11,FALSE
"Attachments/Pasted image 20250121154056.png",2025-03-10 14:26:11,FALSE
"Attachments/Pasted image 20250121154124.png",2025-03-10 14:26:11,FALSE
"Attachments/Pasted image 20250121154228.png",2025-03-10 14:26:11,FALSE
"Attachments/Pasted image 20250121154311.png",2025-03-10 14:26:11,FALSE
"Attachments/Pasted image 20250121154421.png",2025-03-10 14:26:11,FALSE
"Attachments/Pasted image 20250121154501.png",2025-03-10 14:26:11,FALSE
"Attachments/Pasted image 20250206191905.png",2025-03-10 14:26:11,FALSE
"Attachments/Pasted image 20250206205107.png",2025-03-10 14:26:11,FALSE
"Attachments/Pasted image 20250211115253.png",2025-03-10 14:26:11,FALSE
"Attachments/Pasted image 20250211115453.png",2025-03-10 14:26:11,FALSE
"Attachments/Pasted image 20250212112614.png",2025-03-10 14:26:11,FALSE
"Attachments/Pasted image 20250212112707.png",2025-03-10 14:26:11,FALSE
"Attachments/Pasted image 20250212112744.png",2025-03-10 14:26:11,FALSE
"Attachments/Pasted image 20250212113511.png",2025-03-10 14:26:11,FALSE
"Attachments/Pasted image 20250212113642.png",2025-03-10 14:26:11,FALSE
"Attachments/Pasted image 20250314191521.png",2025-03-14 19:15:21,FALSE
"Attachments/Pasted image 20250314191807.png",2025-03-14 19:18:07,FALSE
"Attachments/Pasted image 20250314191821.png",2025-03-14 19:18:21,FALSE
"Attachments/Pasted image 20250314191827.png",2025-03-14 19:18:27,FALSE
"Attachments/Pasted image 20250314195237.png",2025-03-14 19:52:37,FALSE
"Attachments/Pasted image 20250314200406.png",2025-03-14 20:04:06,FALSE
"Attachments/Pasted image 20250314200418.png",2025-03-14 20:04:18,FALSE
"Attachments/Pasted image 20250314203655.png",2025-03-14 20:36:55,FALSE
"Attachments/Pasted image 20250315073901.png",2025-03-15 07:39:01,FALSE
"Attachments/Pasted image 20250315073940.png",2025-03-15 07:39:40,FALSE
"Attachments/Phyik-Kurvenfahrt.md",2025-03-10 14:26:11,FALSE
"Attachments/Structur-of-RAMs.png",2025-03-10 14:26:11,FALSE
"Attachments/Unsaturated_Triglyceride_Structural_Formula_V1.svg.png",2025-03-14 17:11:31,FALSE
"Attachments/Untitled-1 1.jpg",2025-03-10 18:59:45,FALSE
"Attachments/Untitled-1 2.jpg",2025-03-10 19:00:22,FALSE
"Attachments/Untitled-1 3.jpg",2025-03-10 19:02:52,FALSE
"Attachments/Untitled-1.jpg",2025-03-10 18:49:50,FALSE
"Attachments/Untitled.jpg",2025-03-15 10:07:57,FALSE
"Attachments/Wasserstoffbrueckenbindungen.jpg",2025-03-10 18:41:44,FALSE
"Attachments/b_gesternt.excalidraw.md",2025-03-10 14:26:11,FALSE
"Attachments/dfa_0_1.md",2025-03-12 17:52:09,FALSE
"Attachments/dimer.jpg",2025-03-10 17:35:59,FALSE
"Attachments/flashcards.md",2025-03-10 14:26:11,FALSE
"Attachments/hexameter.jpg",2025-03-10 14:26:11,FALSE
"Attachments/pentameter.jpg",2025-03-10 14:26:11,FALSE
"BWINF/43.2/A1.md",2025-03-10 14:26:11,FALSE
"Biologie/in vitro.md",2025-03-18 18:52:04,FALSE
"Biologie/in vivo.md",2025-03-18 18:52:28,FALSE
"Chemie/Allgemein/Avogadro-Konstante.md",2025-03-10 17:49:25,FALSE
"Chemie/Allgemein/Gleichgewichtsreaktion.md",2025-03-14 20:32:50,FALSE
"Chemie/Allgemein/Katalysator.md",2025-03-14 20:20:25,FALSE
"Chemie/Allgemein/Kondensationsreaktion.md",2025-03-14 20:34:49,FALSE
"Chemie/Allgemein/PSE/Alkalimetalle.md",2025-03-10 18:57:28,FALSE
"Chemie/Allgemein/PSE/Borgruppe.md",2025-03-15 07:35:31,FALSE
"Chemie/Allgemein/PSE/Chalkogene.md",2025-03-15 07:32:58,FALSE
"Chemie/Allgemein/PSE/Edelgase.md",2025-03-10 18:57:28,FALSE
"Chemie/Allgemein/PSE/Erdalkalimetalle.md",2025-03-10 18:57:28,FALSE
"Chemie/Allgemein/PSE/Halogene.md",2025-03-10 18:56:30,FALSE
"Chemie/Allgemein/PSE/Hauptgruppen.md",2025-03-15 07:49:07,FALSE
"Chemie/Allgemein/PSE/Kohlenstoffgruppe.md",2025-03-15 07:36:44,FALSE
"Chemie/Allgemein/PSE/Stickstoffgruppe.md",2025-03-15 07:37:24,FALSE
"Chemie/Allgemein/Stoffmenge.md",2025-03-10 17:54:50,FALSE
"Chemie/Allgemein/molare Masse.md",2025-03-10 17:41:55,FALSE
"Chemie/Fette/Fette.md",2025-03-18 19:12:05,FALSE
"Chemie/Fette/Fetthärtung.md",2025-03-15 09:54:52,FALSE
"Chemie/Fette/Fettsäuren.md",2025-03-10 16:00:54,FALSE
"Chemie/Fette/Glycerin.md",2025-03-14 18:50:33,FALSE
"Chemie/Fette/Schmelzbereich.md",2025-03-14 17:13:47,FALSE
"Chemie/Fette/Veresterung.md",2025-03-14 19:07:32,FALSE
"Chemie/Fette/Z-E-Isomerie.md",2025-03-14 16:47:09,FALSE
"Chemie/Fette/cis-Fettsäuren.md",2025-03-15 10:39:01,FALSE
"Chemie/Fette/cis-trans-Isomerierung.md",2025-03-15 10:33:18,FALSE
"Chemie/Fette/trans-Fette.md",2025-03-15 10:37:46,FALSE
"Chemie/Fette/trans-Fettsäuren.md",2025-03-15 10:35:07,FALSE
"Chemie/Formeln/Carboxylgruppe.md",2025-03-10 17:09:29,FALSE
"Chemie/Formeln/Ester.md",2025-03-14 16:55:15,FALSE
"Chemie/Formeln/Formeln.md",2025-03-10 14:26:11,FALSE
"Chemie/Formeln/Funktionale Gruppen.md",2025-03-10 14:26:11,FALSE
"Chemie/Formeln/Karteikarten.md",2025-03-18 19:14:28,FALSE
"Chemie/Formeln/Molekül/Ethansäure.md",2025-03-15 10:28:19,FALSE
"Chemie/Formeln/Molekül/Ethen.md",2025-03-15 10:13:11,FALSE
"Chemie/Formeln/Molekül/Methansäure.md",2025-03-15 10:28:53,FALSE
"Chemie/Formeln/Molekül/Molekül.md",2025-03-18 19:15:04,FALSE
"Chemie/Formeln/Molekül/Propenal.md",2025-03-14 18:54:15,FALSE
"Chemie/Formeln/Molekül/Schwefelsäure.md",2025-03-14 19:59:16,FALSE
"Chemie/Kohlenhydrate/Allgemein.md",2025-03-10 14:26:11,FALSE
"Chemie/Kohlenhydrate/Chiralitaet.md",2025-03-10 14:26:11,FALSE
"Chemie/Kohlenhydrate/Fischer Projektion.md",2025-03-10 14:26:11,FALSE
"Chemie/Kohlenhydrate/Polarimetrie.md",2025-03-10 14:26:11,FALSE
"Chemie/Kohlenhydrate/Stereoisomerie.md",2025-03-10 14:26:11,FALSE
"Chemie/Kohlenhydrate/Summenformel.md",2025-03-10 14:26:11,FALSE
"Chemie/Lebensmittel/Nahrung/Brennwert.md",2025-03-10 14:26:11,FALSE
"Chemie/Lebensmittel/Nahrung/Ueberblick.md",2025-03-10 14:26:11,FALSE
"Chemie/Lebensmittel/Nahrung/Vitamine.md",2025-03-10 14:26:11,FALSE
"Chemie/Nachweisreaktionen/Aldehyd oder Keton.md",2025-03-10 15:44:38,FALSE
"Chemie/Nachweisreaktionen/Aldehyd.md",2025-03-10 15:35:12,FALSE
"Chemie/Nachweisreaktionen/Carbonsäuren.md",2025-03-10 15:36:42,FALSE
"Chemie/Nachweisreaktionen/Doppelbindung.md",2025-03-14 18:02:06,FALSE
"Chemie/Nachweisreaktionen/Fett.md",2025-03-14 18:26:05,FALSE
"Chemie/Nachweisreaktionen/Fettsäure in Fetten.md",2025-03-14 18:37:51,FALSE
"Chemie/Nachweisreaktionen/Fructose.md",2025-03-12 18:13:26,FALSE
"Chemie/Nachweisreaktionen/Hydroxylgruppen.md",2025-03-10 15:22:28,FALSE
"Chemie/Nachweisreaktionen/Nachweisreaktionen.md",2025-03-10 15:58:11,FALSE
"Chemie/Nachweisreaktionen/Nitrat.md",2025-03-10 14:26:11,FALSE
"Chemie/Nachweisreaktionen/Schwefeldioxid.md",2025-03-10 14:26:11,FALSE
"Chemie/Nachweisreaktionen/Säure.md",2025-03-15 07:55:26,FALSE
"Chemie/Nachweisreaktionen/Vitamin C.md",2025-03-10 14:26:11,FALSE
"Chemie/Nachweisreaktionen/reduzierende Zucker.md",2025-03-12 16:05:04,FALSE
"Chemie/Reaktionsarten/Dehydrierung.md",2025-03-15 07:44:41,FALSE
"Chemie/Reaktionsarten/Hydrierung.md",2025-03-15 07:43:37,FALSE
"Chemie/Reaktionsarten/Hydrolyse.md",2025-03-15 07:44:07,FALSE
"Chemie/Reaktionsarten/Oxidation.md",2025-03-15 07:57:09,FALSE
"Chemie/Reaktionsarten/Protolyse.md",2025-03-15 07:44:07,FALSE
"Chemie/Reaktionsarten/Redoxreaktion.md",2025-03-15 07:44:07,FALSE
"Chemie/Reaktionsarten/Reduktion.md",2025-03-15 07:57:09,FALSE
"Chemie/Säuren/Carbonsäuren/Dimere.md",2025-03-10 17:28:24,FALSE
"Chemie/Säuren/Carbonsäuren/Siedetemperatur.md",2025-03-10 16:04:22,FALSE
"Chemie/Säuren/Säure-Base-Titration.md",2025-03-10 14:26:11,FALSE
"Chemie/Säuren/pH-Wert.md",2025-03-10 14:26:11,FALSE
"Chemie/Wechselwirkungen/Dipol-Dipol-Wechselwirkung.md",2025-03-10 17:36:50,FALSE
"Chemie/Wechselwirkungen/Dipol-Molekül.md",2025-03-10 18:33:33,FALSE
"Chemie/Wechselwirkungen/London-Dispersions-Kräfte.md",2025-03-10 17:36:50,FALSE
"Chemie/Wechselwirkungen/Stärke der Wechselwirkung.md",2025-03-10 17:58:41,FALSE
"Chemie/Wechselwirkungen/Wasserstoffbrückenbindung.md",2025-03-10 18:39:18,FALSE
"Computer Science/C++/0000 C++.md",2025-03-10 14:26:11,FALSE
"Computer Science/C++/0100 C++ Geschichte.md",2025-03-10 14:26:11,FALSE
"Computer Science/C++/0200 Zielsetzung.md",2025-03-10 14:26:11,FALSE
"Computer Science/C++/0300 Syntaktische Grundlagen.md",2025-03-10 14:26:11,FALSE
"Computer Science/C++/0301 Konstanten.md",2025-03-10 14:26:11,FALSE
"Computer Science/C++/0302 Schlüsselwörter.md",2025-03-10 14:26:11,FALSE
"Computer Science/C++/0304 Ausdrücke.md",2025-03-10 14:26:11,FALSE
"Computer Science/C++/0305 Anweisungen.md",2025-03-10 14:26:11,FALSE
"Computer Science/C++/0306 Bezeichner.md",2025-03-10 14:26:11,FALSE
"Computer Science/C++/0307 Literale.md",2025-03-10 14:26:11,FALSE
"Computer Science/C++/0400 Compiler.md",2025-03-10 14:26:11,FALSE
"Computer Science/C++/0402 Conditional Compilation.md",2025-03-10 14:26:11,FALSE
"Computer Science/C++/0403 macros.md",2025-03-10 14:26:11,FALSE
"Computer Science/C++/0404 Variablen.md",2025-03-10 14:26:11,FALSE
"Computer Science/C++/0405 Funktionen.md",2025-03-10 14:26:11,FALSE
"Computer Science/C++/0406 Datentypen.md",2025-03-10 14:26:11,FALSE
"Computer Science/C++/0500 OOP.md",2025-03-10 14:26:11,FALSE
"Computer Science/C++/0501 Information Hiding.md",2025-03-10 14:26:11,FALSE
"Computer Science/C++/0502 Kapselung.md",2025-03-10 14:26:11,FALSE
"Computer Science/C++/0503 Konstruktoren und Destruktoren.md",2025-03-10 14:26:11,FALSE
"Computer Science/C++/0504 This.md",2025-03-10 14:26:11,FALSE
"Computer Science/C++/0505 Membervariablen.md",2025-03-10 14:26:11,FALSE
"Computer Science/C++/0506 Memberfunktionen.md",2025-03-10 14:26:11,FALSE
"Computer Science/C++/0507 Klassenvariablen.md",2025-03-10 14:26:11,FALSE
"Computer Science/C++/0508 Klassenfunktionen.md",2025-03-10 14:26:11,FALSE
"Computer Science/C++/0509 Membervariablen.md",2025-03-10 14:26:11,FALSE
"Computer Science/C++/0511 Objekte.md",2025-03-10 14:26:11,FALSE
"Computer Science/C++/0600 Zeiger, Arrays, Referenzen.md",2025-03-10 14:26:11,FALSE
"Computer Science/C++/0601 Zeiger.md",2025-03-10 14:26:11,FALSE
"Computer Science/C++/0800 STL.md",2025-03-10 14:26:11,FALSE
"Computer Science/C++/0810 Streams.md",2025-03-10 14:26:11,FALSE
"Computer Science/C++/0820 Strings.md",2025-03-10 14:26:11,FALSE
"Computer Science/C++/0830 (Datei)-Ein-Ausgabe.md",2025-03-10 14:26:11,FALSE
"Computer Science/C++/0840 Container und Algorithmen.md",2025-03-10 14:26:11,FALSE
"Computer Science/C++/0850 Lebenszyklus von Objekten.md",2025-03-10 14:26:11,FALSE
"Computer Science/C++/0900 Operatoren und Friends.md",2025-03-10 14:26:11,FALSE
"Computer Science/C++/0910 Operatoren.md",2025-03-10 14:26:11,FALSE
"Computer Science/C++/0920 Friends.md",2025-03-10 14:26:11,FALSE
"Computer Science/C++/1000 Vererbung und Polymorphie.md",2025-03-10 14:26:11,FALSE
"Computer Science/C++/1010 Vererbung.md",2025-03-10 14:26:11,FALSE
"Computer Science/C++/2000 Overview.md",2025-03-10 14:26:11,FALSE
"Computer Science/C++/2010 Const.md",2025-03-10 14:26:11,FALSE
"Computer Science/C++/Smart Pointer.md",2025-03-10 14:26:11,FALSE
"Computer Science/C/00 C.md",2025-03-10 14:26:11,FALSE
"Computer Science/C/01 Variablen.md",2025-03-10 14:26:11,FALSE
"Computer Science/C/02 Ausdrücke.md",2025-03-10 14:26:11,FALSE
"Computer Science/C/PracticeTasks/AufgabeA2_Rekursion.pdf",2025-03-10 14:26:11,FALSE
"Computer Science/C/PracticeTasks/Lösung _Ü6/Coordinates.c",2025-03-10 14:26:11,FALSE
"Computer Science/C/PracticeTasks/Lösung _Ü6/Sweets.c",2025-03-10 14:26:11,FALSE
"Computer Science/C/PracticeTasks/Lösung_4/1.c",2025-03-10 14:26:11,FALSE
"Computer Science/C/PracticeTasks/Lösung_4/2.1.c",2025-03-10 14:26:11,FALSE
"Computer Science/C/PracticeTasks/Lösung_4/2.2.c",2025-03-10 14:26:11,FALSE
"Computer Science/C/PracticeTasks/Lösung_4/2.3.c",2025-03-10 14:26:11,FALSE
"Computer Science/C/PracticeTasks/Lösung_4/2.4.c",2025-03-10 14:26:11,FALSE
"Computer Science/C/PracticeTasks/Lösung_4/2.5.c",2025-03-10 14:26:11,FALSE
"Computer Science/C/PracticeTasks/Lösung_4/3.c",2025-03-10 14:26:11,FALSE
"Computer Science/C/PracticeTasks/Lösung_4/old/1.c",2025-03-10 14:26:11,FALSE
"Computer Science/C/PracticeTasks/Lösung_4/old/2.c",2025-03-10 14:26:11,FALSE
"Computer Science/C/PracticeTasks/Lösung_Ü3_2/Aufgabe1.c",2025-03-10 14:26:11,FALSE
"Computer Science/C/PracticeTasks/Lösung_Ü3_2/Aufgabe2.c",2025-03-10 14:26:11,FALSE
"Computer Science/C/PracticeTasks/Lösung_Ü7/Aufgabe_1.c",2025-03-10 14:26:11,FALSE
"Computer Science/C/PracticeTasks/Lösung_Ü7/Aufgabe_2.c",2025-03-10 14:26:11,FALSE
"Computer Science/C/PracticeTasks/Lösung_Ü7/Aufgabe_3.c",2025-03-10 14:26:11,FALSE
"Computer Science/C/PracticeTasks/Lösung_Ü7/SpeicherLösung.pdf",2025-03-10 14:26:11,FALSE
"Computer Science/C/PracticeTasks/Ubung4_2_Hilfe.pdf",2025-03-10 14:26:11,FALSE
"Computer Science/C/PracticeTasks/Übung1.pdf",2025-03-10 14:26:11,FALSE
"Computer Science/C/PracticeTasks/Übung10.pdf",2025-03-10 14:26:11,FALSE
"Computer Science/C/PracticeTasks/Übung2.pdf",2025-03-10 14:26:11,FALSE
"Computer Science/C/PracticeTasks/Übung3_1.pdf",2025-03-10 14:26:11,FALSE
"Computer Science/C/PracticeTasks/Übung3_2.pdf",2025-03-10 14:26:11,FALSE
"Computer Science/C/PracticeTasks/Übung4.pdf",2025-03-10 14:26:11,FALSE
"Computer Science/C/PracticeTasks/Übung4_2.pdf",2025-03-10 14:26:11,FALSE
"Computer Science/C/PracticeTasks/Übung5_1.pdf",2025-03-10 14:26:11,FALSE
"Computer Science/C/PracticeTasks/Übung5_2.pdf",2025-03-10 14:26:11,FALSE
"Computer Science/C/PracticeTasks/Übung6.pdf",2025-03-10 14:26:11,FALSE
"Computer Science/C/PracticeTasks/Übung8_Lösung.pdf",2025-03-10 14:26:11,FALSE
"Computer Science/C/PracticeTasks/Übung9.pdf",2025-03-10 14:26:11,FALSE
"Computer Science/C/PracticeTasks/Übungsklausur1.pdf",2025-03-10 14:26:11,FALSE
"Computer Science/C/PracticeTasks/Übungsklausur2.pdf",2025-03-10 14:26:11,FALSE
"Computer Science/C/PracticeTasks/Übungsklausur2_A2.c",2025-03-10 14:26:11,FALSE
"Computer Science/C/Programmieren_in_der_Praxis.pdf",2025-03-10 14:26:11,FALSE
"Computer Science/C/Slides/PG1_1.pdf",2025-03-10 14:26:11,FALSE
"Computer Science/C/Slides/PG1_2.pdf",2025-03-10 14:26:11,FALSE
"Computer Science/C/Slides/PG1_3.pdf",2025-03-10 14:26:11,FALSE
"Computer Science/C/Slides/PG1_4.pdf",2025-03-10 14:26:11,FALSE
"Computer Science/C/Slides/PG1_5.pdf",2025-03-10 14:26:11,FALSE
"Computer Science/C/Slides/PG1_6.pdf",2025-03-10 14:26:11,FALSE
"Computer Science/C/Slides/PG1_7.pdf",2025-03-10 14:26:11,FALSE
"Computer Science/Hacking/Coding Basics/Assembler/Assembly.md",2025-03-10 14:26:11,FALSE
"Computer Science/Hacking/Coding Basics/Memory/Sections.md",2025-03-10 14:26:12,FALSE
"Computer Science/Hacking/Linux Exploit Dev/Binary, Dynamic Information-Gathering Tools/LDD.md",2025-03-10 14:26:12,FALSE
"Computer Science/Hacking/Linux Exploit Dev/Binary, Dynamic Information-Gathering Tools/Libc Database.md",2025-03-10 14:26:12,FALSE
"Computer Science/Hacking/Linux Exploit Dev/Binary, Dynamic Information-Gathering Tools/dissassembled hello.c.md",2025-03-10 14:26:12,FALSE
"Computer Science/Hacking/Linux Exploit Dev/Binary, Dynamic Information-Gathering Tools/hello.c.md",2025-03-10 14:26:12,FALSE
"Computer Science/Hacking/Linux Exploit Dev/Binary, Dynamic Information-Gathering Tools/objdump.md",2025-03-10 14:26:12,FALSE
"Computer Science/Hacking/Linux Exploits/GOT.md",2025-03-10 14:26:12,FALSE
"Computer Science/Hacking/Linux Exploits/PLT.md",2025-03-10 14:26:12,FALSE
"Computer Science/Theoretische Informatik/00 Theoretische Informatik.md",2025-03-10 14:26:12,FALSE
"Computer Science/Theoretische Informatik/Basic Notation and Terms.md",2025-03-10 14:26:12,FALSE
"Computer Science/Theoretische Informatik/Computability/Alphabets, Words and Formal Languages/Encoding between Words and natural Numbers.md",2025-03-10 14:26:12,FALSE
"Computer Science/Theoretische Informatik/Computability/Beispiel 2.65 - Folie 117.md",2025-03-10 14:26:12,FALSE
"Computer Science/Theoretische Informatik/Computability/Beispiel 2.66 - Folie 96.md",2025-03-10 14:26:12,FALSE
"Computer Science/Theoretische Informatik/Computability/Decidability/Introduction.md",2025-03-10 14:26:12,FALSE
"Computer Science/Theoretische Informatik/Computability/Number Systems/Binary Representation of Natural Numbers.md",2025-03-10 14:26:12,FALSE
"Computer Science/Theoretische Informatik/Computability/Proof Techniques/Contradiction.md",2025-03-10 14:26:12,FALSE
"Computer Science/Theoretische Informatik/Computability/Proof Techniques/Contraposition.md",2025-03-10 14:26:12,FALSE
"Computer Science/Theoretische Informatik/Computability/Proof Techniques/Direct Prove.md",2025-03-10 14:26:12,FALSE
"Computer Science/Theoretische Informatik/Computability/Proof Techniques/Induction.md",2025-03-10 14:26:12,FALSE
"Computer Science/Theoretische Informatik/Computability/Propositional Logic.md",2025-03-10 14:26:12,FALSE
"Computer Science/Theoretische Informatik/Computability/Register Machines/Instructions.md",2025-03-10 14:26:12,FALSE
"Computer Science/Theoretische Informatik/Computability/Register Machines/Register Machines.md",2025-03-10 14:26:12,FALSE
"Computer Science/Theoretische Informatik/Computability/Register Machines/Structure.md",2025-03-10 14:26:12,FALSE
"Computer Science/Theoretische Informatik/Computability/Register Machines/Working Mechanism.md",2025-03-10 14:26:12,FALSE
"Computer Science/Theoretische Informatik/Computability/Runtime of Algorithms/O-Notation.md",2025-03-10 14:26:12,FALSE
"Computer Science/Theoretische Informatik/Computability/Turing Machines/Structure.md",2025-03-10 14:26:12,FALSE
"Computer Science/Theoretische Informatik/Definition/2.1 - Alphabet language.md",2025-03-10 14:26:12,FALSE
"Computer Science/Theoretische Informatik/Definition/2.12 - k-adic representation.md",2025-03-10 14:26:12,FALSE
"Computer Science/Theoretische Informatik/Definition/2.14 - TM working mechanism.md",2025-03-10 14:26:12,FALSE
"Computer Science/Theoretische Informatik/Definition/2.17 - While Computable.md",2025-03-10 14:26:12,FALSE
"Computer Science/Theoretische Informatik/Definition/2.2 - Alphabets.md",2025-03-10 14:26:12,FALSE
"Computer Science/Theoretische Informatik/Definition/2.28 - Modified Difference.md",2025-03-10 14:26:12,FALSE
"Computer Science/Theoretische Informatik/Definition/2.4 - binary.md",2025-03-10 14:26:12,FALSE
"Computer Science/Theoretische Informatik/Definition/2.46 - Turing Machine - TM.md",2025-03-10 14:26:12,FALSE
"Computer Science/Theoretische Informatik/Definition/2.55 - Turing Computable.md",2025-03-10 14:26:12,FALSE
"Computer Science/Theoretische Informatik/Definition/2.62 - Runtime limit with regard to input length.md",2025-03-10 14:26:12,FALSE
"Computer Science/Theoretische Informatik/Definition/2.68 - characteristic function.md",2025-03-10 14:26:12,FALSE
"Computer Science/Theoretische Informatik/Definition/2.69 - decidability.md",2025-03-10 14:26:12,FALSE
"Computer Science/Theoretische Informatik/Definition/2.74 - Reducability.md",2025-03-10 14:26:12,FALSE
"Computer Science/Theoretische Informatik/Definition/2.78 - Unentscheidbarkeit - Halting Problem.md",2025-03-10 14:26:12,FALSE
"Computer Science/Theoretische Informatik/Definition/2.9 - dya.md",2025-03-10 14:26:12,FALSE
"Computer Science/Theoretische Informatik/Definition/3.12 - NFA(non-deterministic finite automaton.md",2025-03-10 14:26:12,FALSE
"Computer Science/Theoretische Informatik/Definition/3.14 - Extended transition function for NFAs.md",2025-03-10 14:26:12,FALSE
"Computer Science/Theoretische Informatik/Definition/3.2 - DFA(deterministic finite automaton).md",2025-03-10 14:26:12,FALSE
"Computer Science/Theoretische Informatik/Definition/3.5 - extended transition functions for DFAs.md",2025-03-10 14:26:12,FALSE
"Computer Science/Theoretische Informatik/Definition/3.7 Acceptance of languages by DFAs.md",2025-03-10 14:26:12,FALSE
"Computer Science/Theoretische Informatik/Definition/4.2 - Generative Grammar.md",2025-03-10 14:26:12,FALSE
"Computer Science/Theoretische Informatik/Definition/4.3.md",2025-03-10 14:26:12,FALSE
"Computer Science/Theoretische Informatik/Definition/Gödel Numbering of RAMS.md",2025-03-10 14:26:12,FALSE
"Computer Science/Theoretische Informatik/Definition/While Programs.md",2025-03-10 14:26:12,FALSE
"Computer Science/Theoretische Informatik/Example/2.29 - RAM Multiplicatio.md",2025-03-10 14:26:12,FALSE
"Computer Science/Theoretische Informatik/Example/3.1 - DFA Search for 01.md",2025-03-10 14:26:12,FALSE
"Computer Science/Theoretische Informatik/Example/3.11 - NFA 4. letztes Zeichen ist 0.md",2025-03-10 14:26:12,FALSE
"Computer Science/Theoretische Informatik/Example/3.18 - NFA = DFA.md",2025-03-10 14:26:12,FALSE
"Computer Science/Theoretische Informatik/Example/3.3 Tuple representation.md",2025-03-10 14:26:12,FALSE
"Computer Science/Theoretische Informatik/Example/3.32 - NFA zu reg. Ausdruck.md",2025-03-10 14:26:12,FALSE
"Computer Science/Theoretische Informatik/Example/3.4 - even number of 1s and 0s.md",2025-03-10 14:26:12,FALSE
"Computer Science/Theoretische Informatik/Example/3.4 - gerade Anzahl 0 und 1.md",2025-03-10 14:26:12,FALSE
"Computer Science/Theoretische Informatik/Example/3.45 - Berechnung unentscheidbarer Zustaende.md",2025-03-10 14:26:12,FALSE
"Computer Science/Theoretische Informatik/Example/3.50 - Partitionierung der Zustaendsmenge.md",2025-03-10 14:26:12,FALSE
"Computer Science/Theoretische Informatik/Example/3.53 - Minimierung eines DFA.md",2025-03-10 14:26:12,FALSE
"Computer Science/Theoretische Informatik/Example/3.9 - Quick search with DFAs.md",2025-03-10 14:26:12,FALSE
"Computer Science/Theoretische Informatik/Example/e5t3.md",2025-03-10 14:26:12,FALSE
"Computer Science/Theoretische Informatik/Example/e5t4.md",2025-03-10 14:26:12,FALSE
"Computer Science/Theoretische Informatik/Example/e8t3.md",2025-03-10 14:26:12,FALSE
"Computer Science/Theoretische Informatik/Exercise/-2/CYK-Algorithmus.md",2025-03-10 14:26:12,FALSE
"Computer Science/Theoretische Informatik/Exercise/-2/Dyadische Darstellung.md",2025-03-10 14:26:12,FALSE
"Computer Science/Theoretische Informatik/Exercise/2/1.md",2025-03-10 14:26:12,FALSE
"Computer Science/Theoretische Informatik/Exercise/3/4.md",2025-03-10 14:26:12,FALSE
"Computer Science/Theoretische Informatik/Finite Automata/Difference to other computation models.md",2025-03-10 14:26:12,FALSE
"Computer Science/Theoretische Informatik/Finite Automata/Graphical representation.md",2025-03-10 14:26:12,FALSE
"Computer Science/Theoretische Informatik/Finite Automata/Transition Function.md",2025-03-10 14:26:12,FALSE
"Computer Science/Theoretische Informatik/Finite Automata/Working mechanism.md",2025-03-10 14:26:12,FALSE
"Computer Science/Theoretische Informatik/Lemma/3.29.md",2025-03-10 14:26:12,FALSE
"Computer Science/Theoretische Informatik/Material/exercise-sheet0.pdf",2025-03-10 14:26:12,FALSE
"Computer Science/Theoretische Informatik/Material/exercise-sheet12.pdf",2025-03-10 14:26:12,FALSE
"Computer Science/Theoretische Informatik/Material/exercise-sheet3.pdf",2025-03-10 14:26:12,FALSE
"Computer Science/Theoretische Informatik/Material/exercise-sheet4.pdf",2025-03-10 14:26:12,FALSE
"Computer Science/Theoretische Informatik/Material/exercise-sheet5.pdf",2025-03-10 14:26:12,FALSE
"Computer Science/Theoretische Informatik/Material/exercise-sheet7.pdf",2025-03-10 14:26:12,FALSE
"Computer Science/Theoretische Informatik/Material/lecture-notes.pdf",2025-03-10 14:26:12,FALSE
"Computer Science/Theoretische Informatik/Material/s06-solutions.zip",2025-03-10 14:26:12,FALSE
"Computer Science/Theoretische Informatik/Material/ti-mock-exam.pdf",2025-03-10 14:26:12,FALSE
"Computer Science/Theoretische Informatik/Notes.md",2025-03-10 14:26:12,FALSE
"Computer Science/Theoretische Informatik/Observations/2.77.md",2025-03-10 14:26:12,FALSE
"Computer Science/Theoretische Informatik/Property/2.10.md",2025-03-10 14:26:12,FALSE
"Computer Science/Theoretische Informatik/Property/2.11.md",2025-03-10 14:26:12,FALSE
"Computer Science/Theoretische Informatik/Property/2.13.md",2025-03-10 14:26:12,FALSE
"Computer Science/Theoretische Informatik/Property/2.14.md",2025-03-10 14:26:12,FALSE
"Computer Science/Theoretische Informatik/Property/2.3.md",2025-03-10 14:26:12,FALSE
"Computer Science/Theoretische Informatik/Property/2.4.md",2025-03-10 14:26:12,FALSE
"Computer Science/Theoretische Informatik/Property/2.6.md",2025-03-10 14:26:12,FALSE
"Computer Science/Theoretische Informatik/Property/2.75.md",2025-03-10 14:26:12,FALSE
"Computer Science/Theoretische Informatik/Property/2.8.md",2025-03-10 14:26:12,FALSE
"Computer Science/Theoretische Informatik/TI_Script.pdf",2025-03-10 14:26:12,FALSE
"Computer Science/Theoretische Informatik/TODO.md",2025-03-10 14:26:12,FALSE
"Computer Science/Theoretische Informatik/Theorem/2.27.md",2025-03-10 14:26:12,FALSE
"Computer Science/Theoretische Informatik/Theorem/2.50.md",2025-03-10 14:26:12,FALSE
"Computer Science/Theoretische Informatik/Theorem/2.72.md",2025-03-10 14:26:12,FALSE
"Computer Science/Theoretische Informatik/Theorem/2.79.md",2025-03-10 14:26:12,FALSE
"Computer Science/Theoretische Informatik/Theorem/3.21 - Concatenation of Languages.md",2025-03-10 14:26:12,FALSE
"Computer Science/Theoretische Informatik/Theorem/3.27.md",2025-03-10 14:26:12,FALSE
"Computer Science/Theoretische Informatik/Theorem/3.54 - Minimierung eines DFA.md",2025-03-10 14:26:12,FALSE
"Computer Science/Theoretische Informatik/Theorem/3.8 - Decidability of Languages in FA.md",2025-03-10 14:26:12,FALSE
"Computer Science/Theoretische Informatik/Umwandlung in Chomsky Normalform.md",2025-03-10 14:26:12,FALSE
"Deutsch/Epochen/Aufklärung.md",2025-03-10 14:26:12,FALSE
"Deutsch/Epochen/Sturm und Drang.md",2025-03-17 16:58:46,FALSE
"Deutsch/Leiden des jungen Werther/Ist Werther krank vor Liebeskummer/Contra.md",2025-03-15 19:42:55,FALSE
"Deutsch/Leiden des jungen Werther/Ist Werther krank vor Liebeskummer/Pro.md",2025-03-15 19:42:55,FALSE
"Deutsch/Leiden des jungen Werther/Ist das Buch fuer junge Menschen relevant/Contra.md",2025-03-15 12:27:35,FALSE
"Deutsch/Leiden des jungen Werther/Ist das Buch fuer junge Menschen relevant/Pro.md",2025-03-15 12:27:35,FALSE
"Deutsch/Leiden des jungen Werther/Soll das Buch verboten werden/Contra.md",2025-03-10 14:26:12,FALSE
"Deutsch/Leiden des jungen Werther/Soll das Buch verboten werden/Pro.md",2025-03-10 14:26:12,FALSE
"Deutsch/Lyrik/Gedicht/Andreas Gryphius - Abend/Abend.md",2025-03-10 14:26:12,FALSE
"Deutsch/Lyrik/Gedicht/Andreas Gryphius - Abend/Interpretation.md",2025-03-10 14:26:12,FALSE
"Deutsch/Lyrik/Gedicht/Andreas Gryphius - Abend/Vergleich - Eventuell.md",2025-03-10 14:26:12,FALSE
"Deutsch/Lyrik/Gedicht/Enzensberger - Eventuell/Eventuell.md",2025-03-10 14:26:12,FALSE
"Deutsch/Lyrik/Gedicht/Enzensberger - Eventuell/Vergleich Vergänglichkeit Abend - Eventuell.md",2025-03-10 14:26:12,FALSE
"Deutsch/Lyrik/Gedicht/Enzensberger - Eventuell/Vergleich.md",2025-03-10 14:26:12,FALSE
"Deutsch/Lyrik/Gedicht/Enzensberger - Eventuell/Vergleich.pdf",2025-03-10 14:26:12,FALSE
"Deutsch/Lyrik/Gedicht/Enzensberger - Eventuell/Vergleich2.pdf",2025-03-10 14:26:12,FALSE
"Englisch/Essays/Characteristics/11-p37-Margie.md",2025-03-10 14:26:12,FALSE
"Englisch/Essays/Characteristics/11-p37-Margie.pdf",2025-03-10 14:26:12,FALSE
"Englisch/Essays/Mediation/Desmond Tutu.md",2025-03-10 14:26:12,FALSE
"Englisch/Industrialization, Globalisation and Digitalisation/Detroit.md",2025-03-10 14:26:12,FALSE
"Englisch/Industrialization, Globalisation and Digitalisation/Industrialisation/Child Labor.md",2025-03-10 14:26:12,FALSE
"Englisch/Shortstory vs Microfiction.md",2025-03-10 14:26:12,FALSE
"Englisch/USA/Election/Election System.md",2025-03-10 14:26:12,FALSE
"Englisch/Vocabulary/Synonyms.md",2025-03-10 14:26:12,FALSE
"Englisch/Vocabulary/vocabulary.md",2025-03-10 14:26:12,FALSE
"Ethik/Bildung vs Ausbildun.md",2025-03-10 14:26:12,FALSE
"Ethik/Bioethik/Bioethik.md",2025-03-22 12:12:30,FALSE
"Ethik/Bioethik/Medizinethik/Gründe für medizinethische Entscheidungen/Gründe für medizinethische Entscheidungen.md",2025-03-18 18:43:15,FALSE
"Ethik/Bioethik/Medizinethik/Gründe für medizinethische Entscheidungen/James Franklin Childress.md",2025-03-18 17:51:05,FALSE
"Ethik/Bioethik/Medizinethik/Gründe für medizinethische Entscheidungen/Prinzip der Autonomie des Patienten.md",2025-03-18 17:56:53,FALSE
"Ethik/Bioethik/Medizinethik/Gründe für medizinethische Entscheidungen/Prinzip der Gerechtigkeit.md",2025-03-18 17:59:08,FALSE
"Ethik/Bioethik/Medizinethik/Gründe für medizinethische Entscheidungen/Prinzip des Nichtschadens.md",2025-03-18 17:55:11,FALSE
"Ethik/Bioethik/Medizinethik/Gründe für medizinethische Entscheidungen/Prinzip des Wohltuns.md",2025-03-18 17:53:30,FALSE
"Ethik/Bioethik/Medizinethik/Gründe für medizinethische Entscheidungen/Tom L. Beauchamp.md",2025-03-18 17:51:31,FALSE
"Ethik/Bioethik/Medizinethik/Medizinethik.md",2025-03-18 19:28:04,FALSE
"Ethik/Bioethik/Medizinethik/Themen und Fragekomplexe der Medizinethik/Embryo.md",2025-03-18 18:51:25,FALSE
"Ethik/Bioethik/Medizinethik/Themen und Fragekomplexe der Medizinethik/Klonen.md",2025-03-18 18:57:05,FALSE
"Ethik/Bioethik/Medizinethik/Themen und Fragekomplexe der Medizinethik/Präimplanatationsdiagnostik.md",2025-03-18 18:44:51,FALSE
"Ethik/Bioethik/Medizinethik/Themen und Fragekomplexe der Medizinethik/Pränataldiagnostik.md",2025-03-18 18:44:27,FALSE
"Ethik/Bioethik/Medizinethik/Themen und Fragekomplexe der Medizinethik/Sterbehilfe.md",2025-03-18 19:31:29,FALSE
"Ethik/Bioethik/Medizinethik/Themen und Fragekomplexe der Medizinethik/Themen und Fragekomplexe der Medizinethik.md",2025-03-18 18:44:13,FALSE
"Ethik/Bioethik/Medizinethik/Themen und Fragekomplexe der Medizinethik/Transplantationsmedizin.md",2025-03-18 19:29:07,FALSE
"Ethik/Menschenwürde.md",2025-03-10 14:26:12,FALSE
"Ethik/Philosophische Deutung des Menschen/Aggression/Hans Mohr.md",2025-03-10 14:26:12,FALSE
"Ethik/Philosophische Deutung des Menschen/Aggression/Sigmund Freud.md",2025-03-10 14:26:12,FALSE
"Ethik/Philosophische Deutung des Menschen/Aggression/Thomas Hobbes.md",2025-03-10 14:26:12,FALSE
"Ethik/Philosophische Deutung des Menschen/Kooperation/Beispiele.md",2025-03-10 14:26:12,FALSE
"Ethik/Philosophische Deutung des Menschen/Kooperation/Tomasello.md",2025-03-10 14:26:12,FALSE
"Ethik/Philosophische Deutung des Menschen/Lernen.md",2025-03-10 14:26:12,FALSE
"Ethik/Philosophische Deutung des Menschen/Thesen.md",2025-03-10 14:26:12,FALSE
"Ethik/Philosophische Deutung des Menschen/Was ist der Mensch.md",2025-03-10 14:26:12,FALSE
"Formeln.md",2025-03-10 14:26:12,FALSE
"Geographie/Demographischer Wandel.md",2025-03-10 14:26:12,FALSE
"Geographie/Globalisierung/Akteure steuernde Faktoren.md",2025-03-10 14:26:12,FALSE
"Geographie/Globalisierung/Arbeitnehmer und -geber - Chancen und Risiken.md",2025-03-10 14:26:12,FALSE
"Geographie/Globalisierung/Essen.md",2025-03-10 14:26:12,FALSE
"Geographie/Globalisierung/Extraktivismus.md",2025-03-10 14:26:12,FALSE
"Geographie/Globalisierung/Fragmentierung.md",2025-03-10 14:26:12,FALSE
"Geographie/Globalisierung/Global Player.md",2025-03-10 14:26:12,FALSE
"Geographie/Globalisierung/Marktversagen.md",2025-03-10 14:26:12,FALSE
"Geographie/Globalisierung/Triadisierung.md",2025-03-10 14:26:12,FALSE
"Geographie/Globalisierung/outsourcing.md",2025-03-10 14:26:12,FALSE
"Geographie/Klimawandel.md",2025-03-10 14:26:12,FALSE
"Geographie/Planspiel Boerse.md",2025-03-10 14:26:12,FALSE
"Geographie/USA/Appalachen.md",2025-03-10 14:26:12,FALSE
"Geographie/USA/Atlantische Kuestenebene.md",2025-03-10 14:26:12,FALSE
"Geographie/USA/Binnenmigration in den USA.md",2025-03-14 15:20:56,FALSE
"Geographie/USA/Einwanderung.md",2025-03-10 14:26:12,FALSE
"Geographie/USA/Great Plains/Great Plains.md",2025-03-10 14:26:12,FALSE
"Geographie/USA/Great Plains/Ogallala Aquifer.md",2025-03-10 14:26:12,FALSE
"Geographie/USA/Great Plains/Rindermast in Factory Farms.md",2025-03-10 14:26:12,FALSE
"Geographie/USA/Interior Plains.md",2025-03-10 14:26:12,FALSE
"Geographie/USA/Kanadischer Schild.md",2025-03-10 14:26:12,FALSE
"Geographie/USA/Kordilleren.md",2025-03-10 14:26:12,FALSE
"Geographie/USA/Naturräumliche Gliederung.md",2025-03-10 14:26:12,FALSE
"Geographie/Zeitalter/Paläozoikum.md",2025-03-10 14:26:12,FALSE
"Geographie/Zeitalter/Pleistozän.md",2025-03-10 14:26:12,FALSE
"Geographie/Zeitalter/Präkambrium.md",2025-03-10 14:26:12,FALSE
"Geographie/Zeitalter/Tertiär.md",2025-03-10 14:26:12,FALSE
"Geschichte/Der Kalte Krieg/Ende des kalten Krieges.md",2025-03-10 14:26:12,FALSE
"Geschichte/Geschichtswissenschaft/Bedeutung von Quellen.md",2025-03-10 14:26:12,FALSE
"Geschichte/Geschichtswissenschaft/Mittelalterrezeption.md",2025-03-10 14:26:12,FALSE
"Geschichte/Grundlegende Daten und Begriffe/1871 - Deutsche Reichsgruendung.md",2025-03-10 14:26:12,FALSE
"Geschichte/Grundlegende Daten und Begriffe/68er Bewegung.md",2025-03-10 14:26:12,FALSE
"Geschichte/Grundlegende Daten und Begriffe/Amerikanische Unabhängigkeitserklärung.md",2025-03-10 14:26:12,FALSE
"Geschichte/Grundlegende Daten und Begriffe/Aristokratie.md",2025-03-10 14:26:12,FALSE
"Geschichte/Grundlegende Daten und Begriffe/Aufklärung.md",2025-03-10 14:26:12,FALSE
"Geschichte/Grundlegende Daten und Begriffe/GDB_Geschichte_LPP_Oberstufe_31.03.2023.pdf",2025-03-10 14:26:12,FALSE
"Geschichte/Grundlegende Daten und Begriffe/Genozid.md",2025-03-10 14:26:12,FALSE
"Geschichte/Grundlegende Daten und Begriffe/Ghetto.md",2025-03-10 14:26:12,FALSE
"Geschichte/Grundlegende Daten und Begriffe/Holocaust-Shoa.md",2025-03-10 14:26:12,FALSE
"Geschichte/Grundlegende Daten und Begriffe/Holocaust.md",2025-03-10 14:26:12,FALSE
"Geschichte/Grundlegende Daten und Begriffe/Kuba Krise.md",2025-03-10 14:26:12,FALSE
"Geschichte/Grundlegende Daten und Begriffe/Liberalismus.md",2025-03-10 14:26:12,FALSE
"Geschichte/Grundlegende Daten und Begriffe/Napeleon Bonaparte.md",2025-03-10 14:26:12,FALSE
"Geschichte/Grundlegende Daten und Begriffe/Nationalismus.md",2025-03-10 14:26:12,FALSE
"Geschichte/Grundlegende Daten und Begriffe/Nationalsozialismus.md",2025-03-10 14:26:12,FALSE
"Geschichte/Grundlegende Daten und Begriffe/Nuernberger Gesetze.md",2025-03-10 14:26:12,FALSE
"Geschichte/Grundlegende Daten und Begriffe/Republik.md",2025-03-10 14:26:12,FALSE
"Geschichte/Grundlegende Daten und Begriffe/Sozialismus.md",2025-03-10 14:26:12,FALSE
"Geschichte/Grundlegende Daten und Begriffe/Staatssicherheit.md",2025-03-10 14:26:12,FALSE
"Geschichte/Grundlegende Daten und Begriffe/Vertrag von Versailles.md",2025-03-10 14:26:12,FALSE
"Geschichte/Grundlegende Daten und Begriffe/Zeitzeugen.md",2025-03-10 14:26:12,FALSE
"Geschichte/Kolonialzeit/Deutschland als Kolonialreich/Herero und Nama - Namibien.md",2025-03-10 14:26:12,FALSE
"Hotkeys.md",2025-03-10 14:26:12,FALSE
"Jugend Debattiert/2025/Ehrenamt Fuehrerschein unterstuetzen/Contra.md",2025-03-10 14:26:12,FALSE
"Jugend Debattiert/2025/Ehrenamt Fuehrerschein unterstuetzen/Ehrenamt Fuehrerschein unterstuetzen.md",2025-03-18 19:05:05,FALSE
"Jugend Debattiert/2025/Ehrenamt Fuehrerschein unterstuetzen/Pro.md",2025-03-10 14:26:12,FALSE
"Jugend Debattiert/2025/Ehrenamt Fuehrerschein unterstuetzen/gpt1.md",2025-03-10 14:26:12,FALSE
"Jugend Debattiert/2025/Parteien aus Diskussion ausschliessen/Contra.md",2025-03-10 14:26:12,FALSE
"Jugend Debattiert/2025/Parteien aus Diskussion ausschliessen/Parteien aus Diskussion ausschliessen.md",2025-03-18 19:07:22,FALSE
"Jugend Debattiert/2025/Parteien aus Diskussion ausschliessen/Pro.md",2025-03-10 14:26:12,FALSE
"Jugend Debattiert/2025/Pyrotechnik Fussball legalisieren/Contra-Final.md",2025-03-10 14:26:12,FALSE
"Jugend Debattiert/2025/Pyrotechnik Fussball legalisieren/Pro-Final.md",2025-03-10 14:26:12,FALSE
"Jugend Debattiert/2025/Pyrotechnik Fussball legalisieren/Pyrotechnik Fussball legalisieren.md",2025-03-18 19:05:45,FALSE
"Jugend Debattiert/2025/Zoos in Deutschland/Argumente.md",2025-03-10 14:26:12,FALSE
"Jugend Debattiert/2025/Zoos in Deutschland/Pro Zoo Erhaltung.md",2025-03-10 14:26:12,FALSE
"Jugend Debattiert/2025/Zoos in Deutschland/Zoos in Deutschland.md",2025-03-18 19:06:31,FALSE
"Jugend Debattiert/2025/zNationalhymne/Argumente - GPT.md",2025-03-10 14:26:12,FALSE
"Jugend Debattiert/2025/zNationalhymne/Contra.md",2025-03-10 14:26:12,FALSE
"Jugend Debattiert/2025/zNationalhymne/Pro.md",2025-03-10 14:26:12,FALSE
"Jugend Debattiert/2025/zNationalhymne/zNationalhymne.md",2025-03-18 19:06:08,FALSE
"Latein/Grammatik/Gerundium.md",2025-03-10 14:26:12,FALSE
"Latein/Grammatik/Gerundiv.md",2025-03-10 14:26:12,FALSE
"Latein/Publius Ovidius Naso/Ikarus.md",2025-03-10 14:26:12,FALSE
"Latein/Publius Ovidius Naso/Leben.md",2025-03-10 14:26:12,FALSE
"Latein/Sallust/Cat 5.9/Cat 5.9.md",2025-03-10 14:26:12,FALSE
"Latein/Sallust/Cat 5.9/Interpretation.md",2025-03-10 14:26:12,FALSE
"Latein/Sallust/Catilina.md",2025-03-10 14:26:12,FALSE
"Latein/Sallust/Historische Geschichtsschreibung.md",2025-03-10 14:26:12,FALSE
"Latein/Sallust/Person.md",2025-03-10 14:26:12,FALSE
"Latein/Sallust/Stilistische Eigenheiten.md",2025-03-10 14:26:12,FALSE
"Latein/Sallust/Werte.md",2025-03-10 14:26:12,FALSE
"Latein/Stilmittel.md",2025-03-10 14:26:12,FALSE
"Mathematik/Gebrochen-rationale Funktion.md",2025-03-10 14:26:12,FALSE
"Mathematik/Geometrie/Körper/Kegel.md",2025-03-10 14:26:12,FALSE
"Mathematik/Geometrie/Körper/Kugel.md",2025-03-10 14:26:12,FALSE
"Mathematik/Geometrie/Körper/Pyramide.md",2025-03-10 14:26:12,FALSE
"Mathematik/Geometrie/Körper/Satz von Cavalieri.md",2025-03-10 14:26:12,FALSE
"Mathematik/Geometrie/Körper/Volumina.md",2025-03-10 14:26:12,FALSE
"Mathematik/Geometrie/Körper/Volumina.txt",2025-03-10 14:26:12,FALSE
"Mathematik/Geometrie/Symmetrie.md",2025-03-10 14:26:12,FALSE
"Mathematik/Grenzwerte/Grenzwerte.md",2025-03-10 14:26:12,FALSE
"Mathematik/Grenzwerte/Konvergenz.md",2025-03-10 14:26:12,FALSE
"Musik/Analyse/Harmonie.md",2025-03-10 14:26:12,FALSE
"Musik/Analyse/Melodie.md",2025-03-10 14:26:12,FALSE
"Musik/Generell.md",2025-03-10 14:26:12,FALSE
"Musik/Musik & Politik/Funktionale Musik.md",2025-03-10 14:26:12,FALSE
"Musik/Musik & Politik/Harmonieanalyse - B.E. All the good girls go to hell.md",2025-03-10 14:26:12,FALSE
"Musik/Musik & Politik/Kendrik Lamar - Alright.md",2025-03-10 14:26:12,FALSE
"Musik/Musik & Politik/Klaus Lanz - Monopoli.md",2025-03-10 14:26:12,FALSE
"Musik/Musik & Politik/PINK vs. Billie Eilish.md",2025-03-10 14:26:12,FALSE
"Musik/Musik & Politik/primary Text.md",2025-03-10 14:26:12,FALSE
"Musik/Songwriting/Raymond Murray Schafer.md",2025-03-14 15:30:33,FALSE
"Musik/Songwriting/Sounddesign.md",2025-03-14 15:26:15,FALSE
"Musik/Songwriting/Soundscape.md",2025-03-14 15:52:44,FALSE
"Physik/Astrophysik/Gravitationsgesetz.md",2025-03-10 14:26:12,FALSE
"Physik/Astrophysik/Herleitung des Gravitationsgesetzes.md",2025-03-10 14:26:12,FALSE
"Physik/Exoplaneten/Bedingungen fuer Leben, habitable Zone/Scientific Research/paper.pdf",2025-03-10 14:26:12,FALSE
"Physik/Exoplaneten/Bedingungen fuer Leben, habitable Zone/Was brauchen wir zum Leben.md",2025-03-10 14:26:12,FALSE
"Physik/Exoplaneten/Exoplaneten.pdf",2025-03-10 14:26:12,FALSE
"Physik/Exoplaneten/Geosciences notes.md",2025-03-10 14:26:12,FALSE
"Physik/Exoplaneten/Handout - Exoplaneten.md",2025-03-10 14:26:12,FALSE
"Physik/Exoplaneten/Nasa exoplanets facts.md",2025-03-10 14:26:12,FALSE
"Physik/Exoplaneten/Portfolio.md",2025-03-10 14:26:12,FALSE
"Physik/Exoplaneten/Portfolio.pdf",2025-03-10 14:26:12,FALSE
"Physik/Exoplaneten/Presentation.md",2025-03-10 14:26:12,FALSE
"Physik/Exoplaneten/Sources.md",2025-03-10 14:26:12,FALSE
"Physik/Exoplaneten/https-en.wikipedia.org-wiki-Exoplanet.md",2025-03-10 14:26:12,FALSE
"Physik/Kreisbewegungen/Beispiel Kurvenfahrt.md",2025-03-10 14:26:12,FALSE
"Physik/Kreisbewegungen/Kreisbewegungen.md",2025-03-10 14:26:12,FALSE
"Physik/Kreisbewegungen/S.35-2 - Geschwindigkeit eines geostationären Satelliten.md",2025-03-10 14:26:12,FALSE
"Physik/Kreisbewegungen/Versuchsprotokoll - Zentripetalkraft.md",2025-03-10 14:26:12,FALSE
"Physik/Kreisbewegungen/Zentripetalkraft.md",2025-03-10 14:26:12,FALSE
"Physik/Kreisbewegungen/tmp_versuch.md",2025-03-10 14:26:12,FALSE
"Physik/Radioaktivität/Entdeckung.md",2025-03-10 14:26:12,FALSE
"Physik/Radioaktivität/Strahlungsarten.md",2025-03-10 14:26:12,FALSE
"Politik & Gesellschaft/Erwerbstaetige.md",2025-03-10 14:26:12,FALSE
"Politik & Gesellschaft/Familie.md",2025-03-10 14:26:12,FALSE
"Politik & Gesellschaft/Populismus.md",2025-03-10 14:26:12,FALSE
"README.md",2025-03-10 14:26:12,FALSE
"Settings-and-scripts/daily_vocabulary.service",2025-03-10 14:26:12,FALSE
"Settings-and-scripts/format_wordlist.py",2025-03-10 14:26:12,FALSE
"Settings-and-scripts/history_gdub.py",2025-03-10 14:26:12,FALSE
"Settings-and-scripts/main.py",2025-03-10 14:26:12,FALSE
"Settings-and-scripts/oxford5000_C1.txt",2025-03-10 14:26:12,FALSE
"Settings-and-scripts/randomize_wordlist.py",2025-03-10 14:26:12,FALSE
"Settings-and-scripts/remove_duplicate.py",2025-03-10 14:26:12,FALSE
"Settings-and-scripts/vocabulary.py",2025-03-10 14:26:12,FALSE
"Settings-and-scripts/wordlist.md",2025-03-17 21:41:49,FALSE
"Wirtschaft/Allgemein/Sektoren.md",2025-03-10 14:26:12,FALSE
"Wirtschaft/Allgemein/Wirtschaftlicher Wandel in Deutschland.md",2025-03-10 14:26:12,FALSE
"Wirtschaft/Allgemein/Wirtschaftskreislauf - Modell.md",2025-03-10 14:26:12,FALSE
"Wirtschaft/Gini-Index.md",2025-03-10 14:26:12,FALSE
"Wirtschaft/Recht/Buergerrechte.md",2025-03-10 14:26:12,FALSE
"Wirtschaft/Recht/Fortentwicklung des Rechts.md",2025-03-14 15:59:20,FALSE
"Wirtschaft/Recht/Gerechtigkeit/Billigkeit.md",2025-03-10 14:26:12,FALSE
"Wirtschaft/Recht/Gerechtigkeit/Gleichheit.md",2025-03-10 14:26:12,FALSE
"Wirtschaft/Recht/Gerechtigkeit/Prinzipien.md",2025-03-10 14:26:12,FALSE
"Wirtschaft/Recht/Gerechtigkeit/Rechtssicherheit.md",2025-03-10 14:26:12,FALSE
"Wirtschaft/Recht/Menschenrechte.md",2025-03-10 14:26:12,FALSE
"Wirtschaft/Recht/Rechtsgebiete/Privatrecht.md",2025-03-10 14:26:12,FALSE
"Wirtschaft/Recht/Rechtsgebiete/Rechtsgebiete.md",2025-03-18 21:25:26,FALSE
"Wirtschaft/Recht/Rechtsgebiete/Öffentliches Recht.md",2025-03-10 14:26:12,FALSE
"Wirtschaft/Wirtschaftsordnungen/Externe Effekte.md",2025-03-10 14:26:12,FALSE
"Wirtschaft/Wirtschaftsordnungen/Planwirtschaft - freie Marktwirtschaft.md",2025-03-10 14:26:12,FALSE
"Wirtschaft/Wirtschaftsordnungen/Soziale Marktwirtschaft.md",2025-03-10 14:26:12,FALSE
"Wirtschaft/Wirtschaftsordnungen/Sparen.md",2025-03-10 14:26:12,FALSE
"Wirtschaft/Wirtschaftsordnungen/Staatliche Eingriffe fürs Klima.md",2025-03-10 14:26:12,FALSE
"Wirtschaft/Wirtschaftsordnungen/Steuer/Steuer.md",2025-03-18 19:08:02,FALSE
"Wirtschaft/Wirtschaftsordnungen/Steuer/Zuckersteuer.md",2025-03-10 14:26:12,FALSE
"Wirtschaft/Wirtschaftsordnungen/Wirtschaftsordnung.md",2025-03-10 14:26:12,FALSE
"Wissenschaft/Begriffe/intensive Größe.md",2025-03-10 17:45:55,FALSE
"Wissenschaftswoche Chemie/Allgemein.md",2025-03-10 14:26:12,FALSE
"Wissenschaftswoche Chemie/PP Notes.md",2025-03-10 14:26:12,FALSE
"Wissenschaftswoche Chemie/REM.md",2025-03-10 14:26:12,FALSE
"Wissenschaftswoche Chemie/Regelmaessig Sport.md",2025-03-10 14:26:12,FALSE
"Wissenschaftswoche Chemie/Reticular formation.md",2025-03-10 14:26:12,FALSE
"Wissenschaftswoche Chemie/Schlaf.md",2025-03-10 14:26:12,FALSE
"Wissenschaftswoche Chemie/Thalamus.md",2025-03-10 14:26:12,FALSE
"Wissenschaftswoche Chemie/central nervous system.md",2025-03-10 14:26:12,FALSE
"Wissenschaftswoche Chemie/declarative learning.md",2025-03-10 14:26:12,FALSE
"Wissenschaftswoche Chemie/procedural learning.md",2025-03-10 14:26:12,FALSE
"file_index.csv",2025-03-22 22:04:08,FALSE
